,rcp26_gepic_soy_gfdl-esm2m,rcp26_gepic_soy_hadgem2-es,rcp26_gepic_soy_ipsl-cm5a-lr,rcp26_gepic_soy_miroc5,rcp26_gepic_mai_gfdl-esm2m,rcp26_gepic_mai_hadgem2-es,rcp26_gepic_mai_ipsl-cm5a-lr,rcp26_gepic_mai_miroc5,rcp26_gepic_whe_gfdl-esm2m,rcp26_gepic_whe_hadgem2-es,rcp26_gepic_whe_ipsl-cm5a-lr,rcp26_gepic_whe_miroc5,rcp26_gepic_ric_gfdl-esm2m,rcp26_gepic_ric_hadgem2-es,rcp26_gepic_ric_ipsl-cm5a-lr,rcp26_gepic_ric_miroc5,rcp26_lpjml_soy_gfdl-esm2m,rcp26_lpjml_soy_hadgem2-es,rcp26_lpjml_soy_ipsl-cm5a-lr,rcp26_lpjml_soy_miroc5,rcp26_lpjml_mai_gfdl-esm2m,rcp26_lpjml_mai_hadgem2-es,rcp26_lpjml_mai_ipsl-cm5a-lr,rcp26_lpjml_mai_miroc5,rcp26_lpjml_whe_gfdl-esm2m,rcp26_lpjml_whe_hadgem2-es,rcp26_lpjml_whe_ipsl-cm5a-lr,rcp26_lpjml_whe_miroc5,rcp26_lpjml_ric_gfdl-esm2m,rcp26_lpjml_ric_hadgem2-es,rcp26_lpjml_ric_ipsl-cm5a-lr,rcp26_lpjml_ric_miroc5,rcp26_clm45_soy_gfdl-esm2m,rcp26_clm45_mai_gfdl-esm2m,rcp60_gepic_soy_gfdl-esm2m,rcp60_gepic_soy_hadgem2-es,rcp60_gepic_soy_ipsl-cm5a-lr,rcp60_gepic_soy_miroc5,rcp60_gepic_mai_gfdl-esm2m,rcp60_gepic_mai_hadgem2-es,rcp60_gepic_mai_ipsl-cm5a-lr,rcp60_gepic_mai_miroc5,rcp60_gepic_whe_gfdl-esm2m,rcp60_gepic_whe_hadgem2-es,rcp60_gepic_whe_ipsl-cm5a-lr,rcp60_gepic_whe_miroc5,rcp60_gepic_ric_gfdl-esm2m,rcp60_gepic_ric_hadgem2-es,rcp60_gepic_ric_ipsl-cm5a-lr,rcp60_gepic_ric_miroc5,rcp60_clm45_soy_gfdl-esm2m,rcp60_clm45_mai_gfdl-esm2m
2033,-0.06894776564752689,-0.07384822881110607,-0.08942002389522373,-0.07222146562635023,-0.0365915800913036,-0.07009225967192918,-0.08550906399490599,-0.06278047224468443,-0.08517205489408133,-0.058618263419124246,-0.0525665501897899,-0.06848907066550698,-0.06456320391632597,-0.0867272480463768,-0.10247426065146263,-0.07478165132445647,-0.028481054191640296,-0.014381146817300672,-0.03174279662114677,0.006476368929271777,0.002036187134442094,-0.017960739471115872,-0.02741982167057106,-0.016711542361458828,-0.07912536586635585,-0.055335505275919135,-0.03699269240056761,-0.03987800532972457,-0.08359404896063066,-0.10916475944254067,-0.15668605278335915,-0.09769408527490593,0.04962027654134462,-0.02957246575066727,-0.10025683821929571,-0.0739731514390978,-0.09207349814892209,-0.1221589525134493,-0.07949720837708191,-0.057569237953547764,-0.05327118089329515,-0.10379230240765676,-0.07973182253826251,-0.07576670667538617,-0.07877016776027689,-0.09966604903092272,-0.13253836667936372,-0.08023374608585229,-0.0877008940154386,-0.11493375880309754,0.12947485962709435,-0.080402989563619
2034,-0.06293458121129489,-0.07243284120430486,-0.08510064689619928,-0.07941867130970094,-0.03571979453616576,-0.06983916447978762,-0.08043201114938149,-0.06510770185002397,-0.0841692041289503,-0.05922497753795964,-0.04877699657071993,-0.07643414801221622,-0.06736293204894359,-0.08637890701712565,-0.09963200412882854,-0.07879563837459531,-0.024553779532103134,-0.01332200701763878,-0.02814749370113435,-0.004662210599400488,0.006194019215200423,-0.019017285447336406,-0.027806124763306676,-0.019203178316300366,-0.08026553732708748,-0.05383212613119955,-0.0403655526873135,-0.04873092380817858,-0.0861781271176558,-0.10575837287845156,-0.15448660044442214,-0.09890341784652958,0.06085165065311474,-0.018190144526860134,-0.09012279964429276,-0.07372426865763233,-0.09837435561645352,-0.12389312358848377,-0.06535141893999573,-0.05508446576724024,-0.057855107942015656,-0.10070684731353843,-0.07420881356560838,-0.07295395614551009,-0.08547611873394821,-0.09258301840174218,-0.11305554174696655,-0.0803696247164494,-0.09151900836708558,-0.1157792438215599,0.09883111940364875,-0.08506208911343129
2035,-0.07727594731430165,-0.07064010731239485,-0.08505257019029258,-0.08264492875928131,-0.047850345269735715,-0.07091752518858252,-0.07664502112654442,-0.06715421331170097,-0.1050990266603142,-0.053771061918702734,-0.0518595038048967,-0.07789899456837394,-0.08359957202773344,-0.0851350737184338,-0.09622590021004446,-0.08221823927254154,-0.026086447154912058,-0.01195988674375214,-0.03226670515316722,-0.0038329814178899198,0.007953546531998595,-0.017942631247687458,-0.026551854447163754,-0.01876684567521147,-0.08754973955689747,-0.045851812795982126,-0.03975443166897937,-0.04699438684854385,-0.10958037438500529,-0.10209304647645767,-0.15070646525061712,-0.10472811274119437,0.06461842908201806,-0.013479325646331777,-0.10566058813243777,-0.07351789022826456,-0.09839703389074027,-0.12277131111333521,-0.0763948052782474,-0.05755430635357198,-0.05638394151091528,-0.09967791869631348,-0.08367788480615598,-0.06896490990527271,-0.08307829943249326,-0.08717378330469219,-0.1247986731920929,-0.08305904985573355,-0.08778988155954018,-0.11632561855413238,0.102224825708235,-0.08220540299465298
2036,-0.08730555404708278,-0.07564636824047845,-0.08436547597582623,-0.07879199983546303,-0.06295241483780209,-0.0716766065145514,-0.07374257209050862,-0.06423508242458247,-0.10249780804262999,-0.05182759942560201,-0.047363870797145616,-0.07161346460244568,-0.09763316498545077,-0.08966347233043549,-0.09648403646835697,-0.07889317499959153,-0.04267769370278137,-0.018504372918127683,-0.031081823052083738,0.0040187559138879165,-0.015310208356170744,-0.02118326958886892,-0.024893317455358662,-0.014596692448915361,-0.08398847435659718,-0.03993846513968505,-0.03591400207970593,-0.03940003166653641,-0.12922105865481573,-0.10539442715348685,-0.14615430551960742,-0.09990099362089797,0.04537522284091354,-0.024747417889060697,-0.10213733570945162,-0.071927615972978,-0.09427866707163676,-0.11406868134635367,-0.07383364534366098,-0.05367093901972978,-0.05779447203500573,-0.08551656164651643,-0.07027968594163572,-0.07048363033817936,-0.07919431351036899,-0.0827459650483429,-0.11899018542851027,-0.07910669855838684,-0.08683474244417103,-0.10277133020703691,0.11620634120152686,-0.0864462817862967
2037,-0.09773740177776416,-0.07786136556128313,-0.08573041818596785,-0.07443896537623852,-0.0677536768888703,-0.06954587018935167,-0.07354672507307888,-0.06353493066787123,-0.11373609643364406,-0.05364840158626467,-0.046597584671182135,-0.0582352855055544,-0.10709376716331456,-0.08687535802307267,-0.09737452567436643,-0.07677618620083128,-0.04915419222218384,-0.014271811491167654,-0.03195121645099799,0.012857676585603257,-0.013882521367112077,-0.017529510204761418,-0.026300970055976557,-0.013400187404121439,-0.0940773262327071,-0.037922444940670194,-0.03593803250987879,-0.029493850566064225,-0.13176557364451952,-0.10228495623293292,-0.14647952231371228,-0.09826511997772171,0.03305960986296712,-0.030972679498204782,-0.09658932431795703,-0.07636647827704769,-0.09057436723632295,-0.11395047198877116,-0.07116116748773176,-0.054396755165308494,-0.056186645530969026,-0.0844739905593761,-0.06890629691141567,-0.06964311482492178,-0.07734802957035479,-0.08789982582894353,-0.11572090379297104,-0.08033955652506689,-0.08291470267924568,-0.10589734741335521,0.11935846847886876,-0.07503659438365703
2038,-0.10584050168648663,-0.07523446096655655,-0.08322446479179153,-0.071440550340035,-0.0698851406416463,-0.07091331739125273,-0.07106223063714184,-0.059629470720118365,-0.12979794689297366,-0.05025018250365869,-0.043309012156692694,-0.05265144928301261,-0.10704719932244725,-0.0855542886925481,-0.09262248838272531,-0.07706364974285602,-0.0528420765171456,-0.010470405548491518,-0.031537366818953506,0.011656439206949384,-0.010262632509709135,-0.018999677378537964,-0.027798429991668826,-0.010426396767529563,-0.10429969351656841,-0.03249472464019115,-0.033765974652590194,-0.026351210458860914,-0.1271736942516515,-0.10141775610359696,-0.13969321367309676,-0.09566355812889071,0.05307605618045941,-0.02505012318594244,-0.09488110345374201,-0.07470497385075513,-0.08435047217520393,-0.11886887455542021,-0.0724548599930462,-0.051997234153033325,-0.05315384384794364,-0.08576273665035541,-0.07439774012125548,-0.06877196180668028,-0.06854399293116427,-0.09574301120001592,-0.11494766811352944,-0.07869400880676432,-0.07897739372294156,-0.10599365385804886,0.10487691403849628,-0.06998609987924552
2039,-0.09514936462416877,-0.07108779011174193,-0.08400829529218316,-0.07338288943516594,-0.07325085679844309,-0.06602231150916879,-0.06868098253216791,-0.05817506132312706,-0.12118886538750023,-0.049832753191923276,-0.04157598510052431,-0.05337128428836352,-0.10754751647175725,-0.08014230684910013,-0.08970850905675028,-0.07897027599012534,-0.05399651519670565,-0.008055365709803879,-0.02840356869256335,0.005946645292990449,-0.01136732884895805,-0.017921352071660897,-0.024328444194824817,-0.009787801402759184,-0.10333513757818176,-0.030530035114669566,-0.035554499206664765,-0.028998115943116107,-0.14836659430282914,-0.0950332353617427,-0.13580923119492963,-0.09524489975868586,0.03990634625582122,-0.03231833895543073,-0.09337945836319259,-0.07501438539654635,-0.08533464420386869,-0.11803655774009361,-0.07533275283080385,-0.05290317514458905,-0.05490166843634738,-0.08559543416273167,-0.07155645210934883,-0.06684858849764497,-0.06927227430064548,-0.09106218324826183,-0.11261980774024387,-0.0802505490458033,-0.08066281649022393,-0.1044770696702714,0.08858142518624064,-0.06519125137603168
2040,-0.07947770377305044,-0.0709524088821616,-0.08387473585426261,-0.07584181540098488,-0.0564800245355751,-0.06564545683832783,-0.06928418293275933,-0.06047148264773098,-0.11789389321515381,-0.05081991838074247,-0.042412619155710755,-0.05403154492646412,-0.0940341908202906,-0.0803839575395408,-0.08749378861476427,-0.08198296060783715,-0.032588135160742715,-0.011729179222437578,-0.028331473609342142,-0.0018085272124472149,-0.004866092106086155,-0.019405074747785644,-0.022507048348221943,-0.013260318382277205,-0.09643256449987904,-0.030632772361734294,-0.0316864338226557,-0.033285340699224904,-0.13861566212107923,-0.09529429872580149,-0.13596264345848894,-0.0992327164170446,0.02292120079808765,-0.03238967908769568,-0.09652609596071798,-0.07652441881040302,-0.08662074871342666,-0.11255160051462142,-0.07621241597402623,-0.052453831361407834,-0.05683632785084247,-0.08230763352352662,-0.07676852561216199,-0.06616555257260205,-0.06902519749186575,-0.0856621381610508,-0.11199064860554069,-0.08063707629884596,-0.0828583406176366,-0.10122434708897127,0.059224971852507254,-0.057834118428352725
2041,-0.0891124071374074,-0.07229338076175464,-0.08095312150058456,-0.08175102637457858,-0.06031540385798939,-0.06448740122975898,-0.06850199433389255,-0.061919871516589044,-0.1151842150260866,-0.05215906336508132,-0.0388361868451466,-0.06363425559444084,-0.11052628012045912,-0.08194882806706154,-0.08472498497957726,-0.08663401491048403,-0.05002625526123998,-0.008393844123208274,-0.028672232642457118,-0.006776243171817455,-0.016270453557832697,-0.017196980844841378,-0.024473754695566334,-0.0148372537829386,-0.10790559879358957,-0.030010759572247924,-0.03297949341339883,-0.0421812241657871,-0.16054505994003096,-0.09209589202694897,-0.13251602732048054,-0.102638196474908,0.05473891048892427,-0.03125653983565452,-0.09760226113130797,-0.07670230257661255,-0.08796145940067474,-0.10783468769163444,-0.0751848038181795,-0.052949949744357114,-0.06007645643310893,-0.08008595823728125,-0.07866274120213823,-0.06331028326755449,-0.07026929439808384,-0.08091891879850423,-0.11403389979207386,-0.08075230084773599,-0.08651279140242518,-0.10115455377745466,0.061071923692057155,-0.055126755143103855
2042,-0.0836789228646019,-0.07513213258839906,-0.07779353290640381,-0.08312764804863236,-0.0532064481892665,-0.06738752859345744,-0.06429432571933413,-0.06223609026263583,-0.09881457245007162,-0.05312610857385274,-0.03739583809095492,-0.06356036591068547,-0.10325686908243178,-0.08233398497632373,-0.08436078366040062,-0.08503935188539608,-0.0227247183922127,-0.00964055974966004,-0.02698817765551396,-0.005086267207719249,0.0016655971660054993,-0.01900136789455658,-0.022442390010954428,-0.014414899716133377,-0.08914594905393322,-0.03195881398123173,-0.03250866271796931,-0.04229577866683985,-0.14515220750328542,-0.09534135309839127,-0.1288719659412304,-0.10308782561501134,0.10014256163518423,-0.027607228633038702,-0.10292234650407397,-0.07662719039155107,-0.08674173925248402,-0.1057065413350494,-0.0843885838939884,-0.051961329779472966,-0.059637903286713846,-0.078407688719206,-0.08042114228583085,-0.06177324184268208,-0.06820981425062039,-0.0810644199265051,-0.12173300054120988,-0.08189687428644069,-0.08597018099606157,-0.09915810782237411,0.060973415064751624,-0.0579162110346242
2043,-0.06962883597368201,-0.07680869190764833,-0.0740416366586636,-0.07869711418301734,-0.05189016536275632,-0.0684735781244325,-0.05757916745279701,-0.05925469725048194,-0.0872645018772084,-0.05356468931850893,-0.03588345048170613,-0.055250975225204745,-0.09869054675769807,-0.08415863104852171,-0.07945867769405861,-0.0812937846835085,0.001827054034862482,-0.00917278729250933,-0.023538433111831077,0.004173140327298035,0.009283273912345805,-0.01914762338760773,-0.018671863612027727,-0.01168339617006173,-0.07500909307647546,-0.034277989378789266,-0.036982125653192886,-0.03857585858908498,-0.14424165738544026,-0.09731098899061084,-0.12014816492077145,-0.0993126396029734,0.11180920415175581,-0.027401682995346805,-0.09888087289321214,-0.08003110930978125,-0.08777696338585748,-0.10420965470384623,-0.08215884553406048,-0.054238252835789785,-0.06072056036423164,-0.07932894191542886,-0.08115030433647254,-0.0635504377620848,-0.06697094639038657,-0.0803251947026321,-0.11974264204555059,-0.08309291470040038,-0.08811278654099676,-0.10010933707739345,0.057946120049105584,-0.06022077444992097
2044,-0.06981915310912885,-0.07792080554434147,-0.07187283074383219,-0.07395821348180977,-0.05784571981552961,-0.06587411992450833,-0.05888310876453481,-0.05694434857265477,-0.09144714172710121,-0.05377048086658346,-0.03191798679385231,-0.04619353363474808,-0.101898238396566,-0.0822862562754025,-0.07813330263244707,-0.07901223331709573,-0.007357473196820891,-0.008323687984542609,-0.02302378193995291,0.00938376839119774,0.009311059388013104,-0.01655117972572993,-0.020719622353316213,-0.00897813457403805,-0.08192176897009798,-0.033551680223235035,-0.03675199103300393,-0.03572090408216004,-0.15059507653321058,-0.09402466137822892,-0.11890416907466944,-0.09471386880278157,0.12112933631651004,-0.026194108607153967,-0.10271252564445137,-0.08097159547631949,-0.08618984124865392,-0.10328289934320625,-0.08410400942508159,-0.05301777587126325,-0.0592532816958341,-0.07751645082009669,-0.08981628850538009,-0.06564762082231274,-0.06660851833850169,-0.07993612674959837,-0.12427482220344808,-0.08250474839048214,-0.08644720258183808,-0.09952585066716793,0.05258127400440732,-0.0642238872056441
2045,-0.060048684345643484,-0.07566979922273584,-0.07258182927996869,-0.06714150967722872,-0.05533648826275046,-0.0651877091144683,-0.05808740957732422,-0.05356657603853188,-0.08225761697797923,-0.05492669561643856,-0.03468850334803097,-0.04287689427325484,-0.10044506126293158,-0.07909916065633114,-0.07836404197375141,-0.07495137645363063,0.006255485340855016,-0.004383631989459095,-0.025037577138537822,0.013778085122534686,0.02020389117667668,-0.01741883927552341,-0.022693230732078785,-0.006888198519836126,-0.06885158399610809,-0.0332729739086677,-0.03797449810134298,-0.030858177523266833,-0.15119691948544897,-0.09135573656195019,-0.1170320950983212,-0.08970942829979607,0.11530381693920694,-0.034085488031397486,-0.10380643864475773,-0.08092846274069417,-0.0835043656293491,-0.10103235107782012,-0.07967852597890339,-0.05368378806617118,-0.05916487167577896,-0.07489009835736314,-0.09323193354630992,-0.06693054587826192,-0.06419112790681525,-0.07574114452676274,-0.1205985486613038,-0.08256977976132321,-0.08600112979492212,-0.0977317826191142,0.04931695108615249,-0.060609309924068516
2046,-0.0608798630034892,-0.07609549430515876,-0.07040481347153736,-0.06612796846499493,-0.05226379671583301,-0.06964891060388927,-0.05520669899714432,-0.05282021593411309,-0.07566762633147364,-0.05074133415077523,-0.03382429959742807,-0.04339379778698522,-0.09670689398948927,-0.08146366415752429,-0.07673622262844593,-0.0734548492428391,0.010957091640060548,0.0006331813143100354,-0.02478235026127166,0.012751384001518696,0.023050347274263874,-0.016924399332203594,-0.022726836396922034,-0.008314378465767809,-0.06571062621389158,-0.027693588272883676,-0.03870280854912108,-0.033028806526364245,-0.1530374721771451,-0.09217328430502161,-0.11529916418906334,-0.08715688545196816,0.1271453864369466,-0.028908928162895167,-0.11774131970901085,-0.08204564696325083,-0.08392744132637324,-0.10044690265394268,-0.08991260042370226,-0.054318801650246905,-0.06026969018422724,-0.07353732525486956,-0.10728661551789354,-0.06827661513675982,-0.06465541158878017,-0.07240804674405855,-0.1320880685409149,-0.0836072752656809,-0.08652504262239853,-0.09581496289068815,0.05475676886268418,-0.05960931608981269
2047,-0.057665892273434265,-0.07276653984466153,-0.06413123555469485,-0.06958115674613832,-0.04270596350738851,-0.06695568712613587,-0.04788536782393829,-0.055060828769922764,-0.061833838321583415,-0.04678840791359173,-0.03381435266713581,-0.045162467106896864,-0.08770720316340107,-0.0795481677459357,-0.06842718810232373,-0.07574690119172128,-0.0005660039515126511,0.003592878818152025,-0.019351661991195198,0.009105673109355885,0.023865535203810746,-0.014970743710133037,-0.016134711104878692,-0.007979726450843702,-0.047327538643444717,-0.02982382728520144,-0.03789942867843438,-0.03277281666882372,-0.13121400024384125,-0.08793719219158785,-0.10717696217017986,-0.09015506219711707,0.12360914300288525,-0.033097210626791676,-0.11464205469230351,-0.08355856226615253,-0.08122741350273623,-0.10019371199732384,-0.0979372291152117,-0.05384169356144209,-0.058879710725764936,-0.07310376808334412,-0.10060886590272886,-0.07099905134726724,-0.06313830889837342,-0.07188169774352215,-0.13835297693060694,-0.08333492206693305,-0.08471665713530338,-0.09521614122127794,0.05642595814443836,-0.0595351345592538
2048,-0.05471104570476586,-0.0727895828956391,-0.05865375582510706,-0.06845441638559528,-0.044324837177121074,-0.0687113538814227,-0.04391859060672112,-0.05511514079377237,-0.05481075049044746,-0.04663266749511383,-0.030222344257638846,-0.045578426780015245,-0.08515314354849977,-0.08179682143099726,-0.06353810629328366,-0.07584877703144503,-0.0007752950390337856,0.006690806600912595,-0.011469194914421903,0.0077599789046802195,0.026823578321331355,-0.015795469451337616,-0.013987498041472991,-0.008222859000383002,-0.02991635486456493,-0.02997194219919819,-0.038461192078185866,-0.03270326648134424,-0.12814045689277148,-0.09102604144980207,-0.10177482114507116,-0.09121276424316088,0.10356845656095046,-0.03923690558625593,-0.10731563798688866,-0.08314440880557715,-0.0794247236242599,-0.10046832413701268,-0.09524650361725404,-0.05299766049308203,-0.05807711511585635,-0.07431983491795996,-0.09544370023610245,-0.06904171043561781,-0.06351983478248974,-0.07222856671843512,-0.13418529381669075,-0.08213001913620238,-0.08363871321436997,-0.09754918543043488,0.05887904341599947,-0.04866721772755012
2049,-0.05330472719419709,-0.07284292877782143,-0.057933611416592964,-0.06745035495559712,-0.035718537340819416,-0.06879021730150575,-0.042956188031350026,-0.05394945765001433,-0.05244362116061518,-0.04504041274080526,-0.030867069189344534,-0.04233523829685021,-0.07982795878342017,-0.08161566613349468,-0.06145148157037899,-0.07610934139063277,-0.0009837608284285555,0.005456639050467317,-0.011290616779922545,0.009110259952595125,0.024111892842997945,-0.01638436346660583,-0.01080584966947357,-0.007877377017196128,-0.019958981928394837,-0.02957142377769756,-0.03689968165072604,-0.029453291768925836,-0.11167527605740245,-0.09106817121924277,-0.09982870580291339,-0.09325478800341898,0.12375012969237621,-0.047181590888147766,-0.11195208320127396,-0.08543407387525456,-0.07633561223611707,-0.09909211205991189,-0.10125903528176972,-0.05601044005210363,-0.05699529430019662,-0.07418677976639322,-0.1039574490099723,-0.06999213217821856,-0.060483493389875506,-0.07196411114772458,-0.1404920229666256,-0.08379211008125088,-0.08190645504625392,-0.09565208738418285,0.0543493504078528,-0.04978011042637184
2050,-0.04925674364361008,-0.07386421937080119,-0.05662944629814106,-0.06449552205445118,-0.03770079686629041,-0.06947226247969751,-0.04256452854713053,-0.05153124646219178,-0.038401144978758975,-0.04722486885235139,-0.029337989691432625,-0.039543792529849534,-0.0820274595929961,-0.08271302738167566,-0.06006869141622241,-0.0737817046196005,-0.013229925974009528,-0.0002223984250957157,-0.008366827744675918,0.008593255911577873,0.020139228319344307,-0.01870398970797082,-0.009774734828824624,-0.005222479268581954,-0.009734938141587154,-0.029629935795534773,-0.035816974817516146,-0.026705270215607858,-0.11587424793023603,-0.09405119416774557,-0.09752579748322213,-0.0880930005141718,0.12268814907975714,-0.039421482704345284,-0.10502188692676608,-0.08580243279086927,-0.07738702936102693,-0.09724504787318372,-0.10119601599954776,-0.05607812664373399,-0.059416438448275634,-0.07369531528935414,-0.09856171258915532,-0.07011611404954246,-0.061277357655190025,-0.07275091981853145,-0.1403670415840214,-0.08362011283460095,-0.0839458104715335,-0.09445876415411031,0.045943697726993665,-0.052109206139084985
2051,-0.044488985278330284,-0.07332161567310426,-0.055093725358454276,-0.06431422271619072,-0.029074887807486783,-0.06954770486810456,-0.04208935595958838,-0.052010790372456955,-0.03947822298886604,-0.0507425802013624,-0.02867610167533246,-0.041425356624897734,-0.07081755369155146,-0.08183521038215726,-0.058662127351768255,-0.07450644282644157,0.0030500586938109566,0.0021325220780500642,-0.005685017779088408,0.006827488910613624,0.033291911985674424,-0.015245783148559641,-0.006989584743705647,-0.007066144597484721,-0.006481145018073857,-0.03582194601997015,-0.037429241504697064,-0.032406906798023584,-0.09996530780861794,-0.09407408402733859,-0.09507108478428301,-0.08976987195232557,0.09609899659213067,-0.03811109063222012,-0.0985565168193669,-0.08634146453185554,-0.07753809686192427,-0.09993764989472977,-0.10061959622423715,-0.057697114220540816,-0.05864699001669995,-0.07751411427653264,-0.09598818197274903,-0.06873214926799717,-0.061838578710764605,-0.07400489093052254,-0.1362543982514582,-0.08492000966183459,-0.08278048129313835,-0.09740335876359735,0.03216843223642706,-0.04918237081576103
2052,-0.04386248314711377,-0.07174674654545529,-0.052364456179685916,-0.06252005055960796,-0.02837049360936955,-0.06923161089325036,-0.040136030260668795,-0.05231467219912092,-0.039200303923112134,-0.04804527495717136,-0.025429646584265775,-0.04242038891366957,-0.0726352450783813,-0.08264095501797995,-0.05374916538776609,-0.07408864019189755,0.005028687541822478,0.002871567310805402,-0.0033374921970790567,0.006300030768825684,0.03152318701942886,-0.015354014325045953,-0.003095795432471778,-0.00761032268110667,-0.0023833227609838608,-0.032899835822013224,-0.040851372467117626,-0.0306648393631914,-0.10677616699865194,-0.09369250572760693,-0.08814618763888114,-0.09015013596144504,0.10067379887114491,-0.037902086526208606,-0.10122631284278134,-0.08455017837191774,-0.0767625969286798,-0.09785001664600411,-0.09488884627607265,-0.056562871793087825,-0.05868131591909661,-0.07646491577339046,-0.10240842946177248,-0.06858449595037933,-0.0615324797795012,-0.06943053151174058,-0.13394765041603018,-0.08359043121994837,-0.08225037877358987,-0.09554609706888068,0.023215748994543345,-0.048182933012390745
2053,-0.04677237199348251,-0.07252377894345079,-0.05133263269160255,-0.06189026468712517,-0.03671675500844876,-0.06808948473922856,-0.037197848472613905,-0.05187231260519591,-0.0358050675327431,-0.04796563884721917,-0.02866474458214051,-0.041588702819059714,-0.08111757296897118,-0.08480312113442476,-0.051589283351529916,-0.07266562119353474,0.0035471887189623074,0.0032158792428894373,0.0013902406575008845,0.006821218160202206,0.028297543484684422,-0.01296987863467717,0.00240856236963501,-0.008011056954729928,0.007682909882973474,-0.035548772674128565,-0.043598788534175904,-0.030803712914723096,-0.11596394580956919,-0.0941040763220591,-0.08548981898461733,-0.08761371377974653,0.09618833225322307,-0.03722344774199832,-0.098176084204864,-0.0837996725190673,-0.07670767434445722,-0.0921176521055929,-0.0913574046572004,-0.05690741167864797,-0.05933462374112535,-0.07414267124585436,-0.09316970592123408,-0.06774538023734923,-0.06369507572193743,-0.0643863215547712,-0.12759861250677593,-0.08285869616122778,-0.08186488205468251,-0.09411886093040947,0.03136104090486896,-0.05031564124514612
2054,-0.04823345872119075,-0.07193202433193145,-0.05140490550924498,-0.062190034374188116,-0.03629827149306019,-0.0672387463514506,-0.03787683158409103,-0.051420411156359994,-0.03325143803497681,-0.04366468945101854,-0.03068835963386625,-0.0435878583022675,-0.08180696598918774,-0.08435247903704853,-0.05307637180387047,-0.07190711409135346,0.008820817157873183,0.0015016003477082058,0.003373391627586221,0.005118546002302295,0.0247285356370781,-0.013329967746273362,0.0026240211752649647,-0.008908944519774295,0.013235566316629298,-0.03353591844166402,-0.043863363706979096,-0.03043305528963643,-0.11010958499752023,-0.09451821312294764,-0.08760380719566344,-0.08690702997750635,0.0939968475132142,-0.03918144563862481,-0.09658569930591107,-0.08490840460499412,-0.07502835357228584,-0.09131963281269348,-0.08918490996462893,-0.057469341557527226,-0.05734553548069769,-0.07230959357630563,-0.0901611888210457,-0.06927719706766025,-0.06214159548600886,-0.0646293885731098,-0.12424066244491398,-0.08286083228597932,-0.07949768870952531,-0.09232079427859516,0.029148314115211862,-0.053835473804531506
2055,-0.05870331469633881,-0.07066383886657653,-0.05302311172253487,-0.06295897856479035,-0.04220874271596757,-0.06547174098476415,-0.038415488530922026,-0.05068238889728963,-0.0398369933905745,-0.045714348531007976,-0.03430618485429,-0.045418159158270285,-0.09395519820060393,-0.08219531400406523,-0.05586722640583244,-0.07120814695056703,-0.003174198343521184,0.006756804007466654,0.0003721170793727222,0.006745758722621757,0.020503490950746512,-0.011026273423044217,0.0009776295607109783,-0.008718782140811274,0.009322809620633763,-0.03189043306477183,-0.048441047563740854,-0.033809819442289474,-0.12691003688179833,-0.09299059946513832,-0.08928197014555951,-0.0870957339234822,0.1150262215602689,-0.03884757693996824,-0.09234562671349854,-0.08474733760175254,-0.0746188043541819,-0.09503756636822584,-0.08376161438890767,-0.05906493311867251,-0.055564159578998976,-0.07359884159835511,-0.08086530061416793,-0.06909995510128332,-0.06288438038034072,-0.07400888964559645,-0.12044230230629398,-0.08344178890697396,-0.0783731514057523,-0.0959159028499603,0.041665178560205754,-0.05549861713678887
2056,-0.04816804485589189,-0.06700047172613266,-0.05093869082183424,-0.05698951528186015,-0.03464099646658672,-0.06271933984448401,-0.037632469409589336,-0.047253376403404,-0.03219380440687181,-0.04387351232964003,-0.033354500593645156,-0.036376626543145996,-0.07685385723986565,-0.07873348602538298,-0.0541779180849287,-0.06603297717054865,0.006073775041304427,0.002340981042223294,0.0040609752020114385,0.010024096122424867,0.03356265903437849,-0.011000339961671627,0.002789420746649075,-0.005574792740014801,0.025057766329207025,-0.02908071676075236,-0.04761980537610229,-0.027680560068613875,-0.10754935529333322,-0.088775284872755,-0.08907957287941741,-0.08110847853334995,0.11119130477777117,-0.028210103506069933,-0.09411527596830371,-0.08418269076201125,-0.07352654031136252,-0.09742018651478848,-0.08387181911115546,-0.05897434462726701,-0.05440594161519953,-0.07557221224911792,-0.08067218932007005,-0.06989532407889781,-0.0620093240719577,-0.07587387468552685,-0.11787325200503898,-0.08285528254739609,-0.0768016678093523,-0.09753357122354776,0.03648862116338482,-0.057514322034009836
2057,-0.052532341136168864,-0.06505287888550612,-0.05017813860703631,-0.05653586994396505,-0.040820668957485304,-0.06019193805090206,-0.03669960099846729,-0.04801482984961754,-0.034865932487305636,-0.04492274955796206,-0.03120742962875224,-0.037416990767743706,-0.08332671324093,-0.07737764351163745,-0.051563430136424906,-0.06795703017078246,-0.011834804177023098,0.00388406635091205,0.003675613092201779,0.00833400044883389,0.017075122168505978,-0.008287896661131486,0.0034647294948829187,-0.006096958735074996,0.02087920942327397,-0.027486523629719706,-0.04655583016934515,-0.025195043963292845,-0.1139047876355712,-0.08352894817564514,-0.08532481293033128,-0.08142863473373936,0.12273696295192688,-0.025206574752171473,-0.09272363291127377,-0.08595950167514493,-0.07395893645373271,-0.09621971873643229,-0.07838942505201747,-0.059965623583626865,-0.054672713843968705,-0.07573812211657578,-0.0763160713508991,-0.07153623357265744,-0.06056451926100585,-0.07139583078387449,-0.1128823904338128,-0.08417868791822566,-0.07712988118683725,-0.0963094146738511,0.031341249608298635,-0.054889300296077054
2058,-0.059442410268458194,-0.06130321873517819,-0.052777892009398884,-0.05849794839606451,-0.039395064685943046,-0.05581449117323182,-0.039295437686734415,-0.04809769540664407,-0.042996282405628965,-0.042649539393004775,-0.031326192063079544,-0.039184304259678976,-0.08246723653448067,-0.07220636777833576,-0.05482201723807616,-0.06959529442400329,-0.02353989457182295,0.009779300512275196,0.001680157280289386,0.003636855741042542,0.011911109930873649,-0.0057334281414264734,0.0010361450042825529,-0.006272685049229012,0.008302389341897339,-0.025381392291906592,-0.04506207977418006,-0.027945268955642418,-0.116327616926623,-0.0780694588019804,-0.09079918996431088,-0.08074825999316042,0.12557541276628517,-0.025818021261675837,-0.09470571596241167,-0.08491971914312564,-0.07301500643590066,-0.0910799203214649,-0.07970710787046412,-0.0586250086238092,-0.0540237877345569,-0.07313344388678027,-0.0778677595562324,-0.06993782749037365,-0.06161296351950086,-0.06576930909781852,-0.11323588865191854,-0.08325556938999137,-0.07559031452585141,-0.09262984205633647,0.03946565691783287,-0.05322225052232948
2059,-0.05521160858222697,-0.05706668617774245,-0.05313432245334985,-0.0645796468028449,-0.02991412921376937,-0.05324979592285506,-0.037909782082005725,-0.05159127583663151,-0.03726141360733868,-0.041057706516996674,-0.034084552360328695,-0.04886876216824567,-0.07525131894147286,-0.06959980087148011,-0.05481872114326122,-0.07351824914854739,-0.02571196626055327,0.009542708194652723,0.0031934465918778345,-0.0031759686134072576,0.00563556911962543,-0.0053537798235968334,0.0014404595939310795,-0.009649864173723592,0.011604608479674603,-0.025318161055321135,-0.04379197796693188,-0.030777790213129187,-0.10513209113158553,-0.07681414078918232,-0.09268174046291364,-0.08687152428412516,0.14106708410055147,-0.01984698284405956,-0.09386050389813776,-0.08462624123129868,-0.07195287303751928,-0.08896669690997612,-0.07769479251271817,-0.059939892018544806,-0.05349712726668547,-0.07222616600941965,-0.07786973882933004,-0.06858537631416649,-0.060895681681982235,-0.06409092346540333,-0.11220873955358882,-0.0837311570795443,-0.07477895603909257,-0.09201650809949478,0.04389686802551862,-0.04794548335421717
2060,-0.05901324689721917,-0.05769093952455801,-0.05325889112576165,-0.0681234457636201,-0.024712590696230965,-0.05169941605069379,-0.03681761463077359,-0.05377872095641668,-0.04057107716268958,-0.03958416029537954,-0.03327214668346691,-0.051828905910442,-0.07034270853135118,-0.07157486986090866,-0.0548725523635214,-0.0754511314061664,-0.037299228386535925,0.007434919084065315,0.004530264421461204,-0.008026984430101641,-0.001976236766943367,-0.002975733588695602,0.0037369807776773917,-0.012235669120751429,0.00887626092017572,-0.02633646692318174,-0.041803757206771895,-0.033328439202164654,-0.09454920312895948,-0.07896717243802831,-0.09135495956341812,-0.0923878848561541,0.12766978206488314,-0.019440171125760082,-0.09184060522443642,-0.0836449486214765,-0.07293557314008203,-0.0898227344401543,-0.0766037571882187,-0.05867456872131188,-0.05385962581337698,-0.0741900766135137,-0.07601705568747354,-0.067430958480339,-0.06354153282088354,-0.06706594611578615,-0.10961472774930055,-0.08189547872211904,-0.07521626202149706,-0.0933069415302526,0.04573891301959565,-0.05095092590077687
2061,-0.05640037556822666,-0.0570497286556164,-0.05488513546368373,-0.06580951816008608,-0.028892040732562196,-0.048171459504644444,-0.03761228954461287,-0.05203765341951196,-0.04064858773472808,-0.0429940544332265,-0.03415475504661893,-0.04994929199444759,-0.07358047917378437,-0.06831147006744426,-0.05473523391665605,-0.07427593030900034,-0.024044102279069716,0.005300783934964672,0.003864876351208106,0.0007494268108457768,0.006771814144363034,-0.0021019712647982825,0.002534955742759749,-0.008633726964080188,0.02077396113283953,-0.03360599438361969,-0.04081512986312313,-0.031851083544489844,-0.09285514360150726,-0.07846555797784392,-0.09264797799018964,-0.09043300887818517,0.1394529443008916,-0.015582615891939221,-0.08789435072486483,-0.08389464110096896,-0.07292560615690077,-0.09137454915743595,-0.07150843389838094,-0.05935496457283073,-0.054226489692894175,-0.07472378882366722,-0.07491102277603133,-0.06681966201734181,-0.06362196951356101,-0.07077070150718556,-0.10576239410272247,-0.08225214528133101,-0.07545263353004988,-0.09460380044360149,0.048128263747160414,-0.04934961845033422
2062,-0.04824517821498814,-0.054404622034263314,-0.057819605049990154,-0.06071800962163033,-0.03256361498867826,-0.04606985688169131,-0.04036653152428903,-0.04907315732157767,-0.03645968083137946,-0.04092016937493615,-0.03625633202916772,-0.04714277130051026,-0.07095466193106598,-0.06498479484686524,-0.05884721004801546,-0.07138496985636303,-0.01681200961164232,0.00686729636909183,-0.0009926029297386814,0.004684666247988467,0.0008161491588217539,-0.0010685609472749923,-0.0014534218689727415,-0.006493354645935306,0.019002689360970076,-0.0293288580567893,-0.04312014051647233,-0.03169100668265132,-0.09595099531682359,-0.07593577460936951,-0.09689615127815197,-0.08564406662950406,0.12342983363031317,-0.0173781531008478,-0.08694744357556651,-0.08407607412939788,-0.07344785831560013,-0.0874767904406784,-0.06935086860827701,-0.05991462241832417,-0.054351687092048774,-0.07223978156150353,-0.07341026802426412,-0.06606285961343242,-0.06272902287338986,-0.06674403721300683,-0.10305340294244464,-0.08269601939579935,-0.075322269012229,-0.09109947211827024,0.04287840508526814,-0.05080430527801168
2063,-0.051295671998192516,-0.05257057133948449,-0.05989465194643024,-0.0635290847768581,-0.03617744990923166,-0.044481701228836414,-0.043020446881884826,-0.051924601325556555,-0.044469683519991365,-0.04120131201049166,-0.03676718576038553,-0.05081236679244279,-0.07174828566637603,-0.06394850072830033,-0.061824235605688796,-0.07489899859883649,-0.019336633145561236,0.00843913288210636,-0.003922504340714147,0.003364169757303155,-0.003966023269583858,0.0008441068675139699,-0.001433033598773623,-0.005784201344034373,0.0018810250577531152,-0.030755637621916094,-0.041913534044079236,-0.03216049416015473,-0.10769919827138263,-0.07282183103678817,-0.10135230090284998,-0.08832580805750936,0.11000315518975759,-0.013515216599173555,-0.08631125409700142,-0.08370797114376233,-0.07293721370283698,-0.08520919532311155,-0.06648217618025674,-0.060466925570149994,-0.05476528753582457,-0.07029505412721032,-0.07054242088849838,-0.06655498209873179,-0.061410654155898574,-0.06415312013681608,-0.09941690269595074,-0.08259791535481696,-0.07532463854772693,-0.0882283378482423,0.03928946702023214,-0.05343930614141439
2064,-0.06718527235954964,-0.05095911860674143,-0.06333249874913512,-0.06307744137798221,-0.047141160018508946,-0.04270363591626709,-0.044929045576935334,-0.05186970024322264,-0.0567644770829436,-0.04003324957540503,-0.03943891216991166,-0.050239144019234024,-0.08050035061954419,-0.061195198500481295,-0.06468385564092977,-0.07458132582368411,-0.03987342546204721,0.010785484772465274,-0.005611503849896898,0.0050207920376202945,-0.008150508338882029,0.0028281456308829715,-0.004077938082164914,-0.004291567382073936,-0.010149138466678692,-0.02991468965022425,-0.04093253134297711,-0.029132767385693467,-0.11907969774299752,-0.0715335466399539,-0.10520858105687289,-0.08545607317762148,0.10691317728627323,-0.014101735723102063,-0.08511327365717392,-0.08222879560231133,-0.07464192146389896,-0.08414412173935629,-0.06639900742153888,-0.05872796439476129,-0.05515054649522822,-0.06868727847616321,-0.06600316423639566,-0.06614021898872947,-0.06274603074865155,-0.06260575987220962,-0.09796785099375332,-0.0812469409368714,-0.07569206877292829,-0.0872714393382944,0.05061507065417036,-0.05184308636486733
2065,-0.06214574715991322,-0.04929366010566072,-0.06302465932152494,-0.06501256987859261,-0.03616318353366395,-0.04130913097576434,-0.0459383386788677,-0.055276411394621534,-0.053091044544110164,-0.039290372817480684,-0.03831585104521897,-0.04884773210076411,-0.06558768840114113,-0.05959508030803617,-0.06554809702247597,-0.07697130019421962,-0.024267691901454544,0.015449912937495005,-0.00568121607823688,0.006048231754400207,0.0002802053572970002,0.005735421982740311,-0.004161775072979573,-0.005455695442040163,-0.011035460419418908,-0.02890978830593767,-0.0375438537176461,-0.029118096506180458,-0.08929368980944402,-0.06773594560544823,-0.10644916242312974,-0.08791734703021364,0.10904326194713913,-0.02680176867005251,-0.08488334998072097,-0.08314820515527967,-0.07418917367219241,-0.08381723094795969,-0.06557117284682337,-0.060130373819361184,-0.05304401221340188,-0.06811424714854811,-0.06477547960099833,-0.06735207159078298,-0.062247570723419736,-0.06213588358678803,-0.09671431564953893,-0.08175508947150456,-0.07440416340194292,-0.08711981169928062,0.04642360175249781,-0.05116204352872266
2066,-0.05296039034731992,-0.04583493988075111,-0.06503803126652019,-0.06464554869582785,-0.027663467469417446,-0.038573089042141656,-0.04735241788115202,-0.05521255540518128,-0.04694004858741831,-0.03613315238487554,-0.04141925680120542,-0.04729386108033108,-0.05877178898713919,-0.057304172945769616,-0.06776196326339896,-0.07624488360698488,-0.019478797641826247,0.019334454616217776,-0.010642263520843175,0.004271957494728988,0.01106560179668204,0.006800432324174184,-0.008805401998875863,-0.004975361485386781,-0.008879824488932776,-0.02486656223269758,-0.041119073778725264,-0.02676694502989221,-0.07997263842192719,-0.06713943072470974,-0.10919038108297174,-0.08669602429320186,0.12480753063798082,-0.021812203759732723,-0.08680825938884827,-0.08250166643433142,-0.07533782909241919,-0.08232326196142432,-0.06442063424633683,-0.060086335298873216,-0.054459717259215015,-0.06582194248715552,-0.06890274531508658,-0.06612364279352329,-0.06221067398518357,-0.06031352928383885,-0.09664141342136404,-0.08138272760888154,-0.07527478443620807,-0.08492192194610439,0.04382866380328808,-0.05032499095522215
2067,-0.05024458423877949,-0.04562316745836297,-0.06610344224255622,-0.06686608241475386,-0.02381052966386418,-0.039152259557178964,-0.04646682570255268,-0.05406536068857603,-0.04564338339168372,-0.037322371723756194,-0.04357450547132497,-0.0508707250231026,-0.05039645811928189,-0.057574183944793154,-0.06929220791308986,-0.0758102045101424,-0.02432709213203744,0.019111966954635067,-0.014115187108016541,0.00023606962635842887,0.007512641091320166,0.00654728186818029,-0.011754608720856433,-0.0055722161523437215,-0.0179100775065489,-0.02707731277224998,-0.040081200929965845,-0.03145812311542474,-0.06817723951911268,-0.06679710643948228,-0.11209458409475283,-0.08549520183981074,0.14006053304084723,-0.01920209973197426,-0.0868079345630083,-0.08347369504128979,-0.07706695748612684,-0.0799089322939637,-0.06623199535397342,-0.06083963681571898,-0.055728638836563066,-0.06368864659037153,-0.06472303367799617,-0.06675899333111919,-0.0629416614649345,-0.06028778900811386,-0.09704267759422758,-0.08202560138738871,-0.07693198690637025,-0.08222752600732765,0.04250238762636744,-0.0521180052356576
2068,-0.043287861757831544,-0.048816941494842475,-0.06341578641718988,-0.06950227873809604,-0.019895960543526017,-0.04243501111259727,-0.04545445257352669,-0.057567755811457684,-0.04019180696094528,-0.040057763781709485,-0.04318072614445801,-0.054375853203775186,-0.04606246389753988,-0.0591563010717672,-0.06850792116474691,-0.07947058693448811,-0.03058363248574862,0.01627576297963091,-0.014955258179787467,-0.004840700160809876,0.0035089595331765666,0.003008973741758814,-0.012184783464098622,-0.008859893528302925,-0.01559083294286856,-0.02491541293393882,-0.036278873663531615,-0.03188149265834566,-0.07048123429538374,-0.06844402906410048,-0.11141375252230047,-0.09280741623095813,0.12602244591332987,-0.023269252167980183,-0.08637890770297053,-0.08351638495774633,-0.07809527252885842,-0.08241702049849102,-0.0658087841169181,-0.06090364840199143,-0.056604818239169505,-0.06416280089445629,-0.06567395156486579,-0.067125242843255,-0.06312139344927416,-0.06400060174361091,-0.09737873530792651,-0.08189232177796357,-0.0778240072511938,-0.08301506204392184,0.04479804675973111,-0.05110482845565616
2069,-0.04255632753133756,-0.049536426378308226,-0.06341533028356419,-0.07074797155030979,-0.019920410535562656,-0.04261833953150764,-0.04454126882755826,-0.05884642010362473,-0.04484360046705042,-0.04192373266918327,-0.04401217368746992,-0.057128540748461194,-0.044674213802319264,-0.05868113992611426,-0.06764529477682378,-0.07994973359178259,-0.031206061412780726,0.014632154597183344,-0.017478421836394902,-0.005102426203600858,0.005806716576577916,0.004489450113283103,-0.013363178540919283,-0.010908907176956589,-0.019108718632632124,-0.025567817071445866,-0.037235511268783904,-0.03341389383167579,-0.07056185935013992,-0.06752893102105745,-0.11115275702221238,-0.09497984929715711,0.14850166125725145,-0.02001782556971473,-0.08627731313888988,-0.08261039880583466,-0.07907793003213055,-0.08346974431870205,-0.06616791892220748,-0.06106597096276635,-0.057982970823255826,-0.06468688264201347,-0.0668194849039383,-0.06640246967644618,-0.0641795926190793,-0.06500375753654265,-0.0976431629370526,-0.08191025996708476,-0.0793436541981965,-0.08408758321721216,0.04805555096134233,-0.050467518625106546
2070,-0.037531966644181416,-0.04797474158898567,-0.059045446144318475,-0.06968105340729974,-0.016546846045273927,-0.04075794381933622,-0.04095678146443522,-0.05825848516855437,-0.03813224952736709,-0.04072858004203967,-0.041004679786513766,-0.057070320513374406,-0.037574629128666936,-0.05627373384282559,-0.06326790731148176,-0.07895862403086404,-0.030085307540618896,0.015803590274466203,-0.010946786847017179,-0.004319808382517001,0.008148326531138611,0.004996453202954944,-0.008174095728531384,-0.009579438994949754,-0.018739867768836103,-0.028470788319892196,-0.03509840725173448,-0.030064666660257307,-0.06159825210559449,-0.0633871463799103,-0.10628855324334896,-0.09302339505623651,0.13649345901306958,-0.024944099707303043,-0.08802195635820267,-0.08287032527188565,-0.07799306556600882,-0.07985804424167829,-0.06948352796569353,-0.060601524513396475,-0.05769730735304578,-0.06242409465574714,-0.06787728599731546,-0.06590086509853904,-0.06280346777450584,-0.060323705143284424,-0.09900687543030603,-0.08204773720002148,-0.07854636952524545,-0.0793070380326433,0.04366053075925005,-0.052793428019222016
2071,-0.03948027571842992,-0.05387090313777726,-0.059897735710195535,-0.06796232031882242,-0.01974345071442823,-0.042411887035916716,-0.040528629318802335,-0.058379424310637903,-0.04067655648529397,-0.04324526717038881,-0.0404258725284737,-0.05642284763012559,-0.03929672376009787,-0.059576012793961845,-0.06339444821530274,-0.07758984087629393,-0.03150983754708498,0.016358007719630634,-0.013643017291759374,-0.0011243499295050879,0.0017203763634300658,0.0056080724500234295,-0.007028954934110972,-0.010495757743136661,-0.022598193131038256,-0.03296145799215901,-0.03475614984701314,-0.029742679786049084,-0.06308190263624616,-0.06635541867049327,-0.10595500762119568,-0.0932871711938284,0.11974891099879585,-0.03276971180837047,-0.08724872958092678,-0.08339508015266762,-0.07741729458761996,-0.07766562831720765,-0.0688649745702407,-0.060891751744846595,-0.05772511677547353,-0.060813397186590526,-0.06633963493087924,-0.06618483208780715,-0.06237314543345837,-0.059094441076606705,-0.09851812837217283,-0.08252966602989453,-0.07851230080986274,-0.07726023295844367,0.05396598177378195,-0.0520863765742948
2072,-0.0446436066054876,-0.053511331828668074,-0.05762197840151358,-0.06742790822671223,-0.024232438639553305,-0.041808608660592286,-0.03843228510398135,-0.057494687296796715,-0.05156919297686813,-0.0425347873900154,-0.04087343960306441,-0.05505853440986186,-0.039936253155047945,-0.06036866293852699,-0.06115595515247849,-0.07733517475754358,-0.033284896580363946,0.01626282387010276,-0.01186471450009623,-0.0019736060840985278,0.0002124966577485041,0.0059009163499507385,-0.005502784796409506,-0.010958509260529473,-0.033921347994168856,-0.03398906531213808,-0.03275799322691993,-0.029800266917133767,-0.06747865971422873,-0.0683235195359327,-0.1028416369246597,-0.09385259217226914,0.11066515335584888,-0.038836154058906204,-0.0850514370296831,-0.08187768904488006,-0.07758759667197226,-0.07612394048819898,-0.0684933917671506,-0.060039295974924835,-0.057598716982309166,-0.059757038752996185,-0.06591498873029351,-0.0651298563765442,-0.06290030145947006,-0.05884583729513706,-0.09847596795496098,-0.0807818984363775,-0.07823631333477253,-0.07618674830638057,0.057715849675112084,-0.05215203502776336
2073,-0.04644161039708134,-0.05384461505255559,-0.05649279220378004,-0.068473461809338,-0.026324267760588816,-0.04385116257249095,-0.03806762850131725,-0.059227847426177246,-0.04987865325930921,-0.0422517994797117,-0.042444223970696755,-0.05881467456612937,-0.04133942859471602,-0.06231712675026156,-0.060205147115842746,-0.07864218286884904,-0.032099708729412285,0.013743415842369714,-0.01258190998234487,-0.0007778450696551145,0.0012852730219595813,0.005658417236678318,-0.00485237208042083,-0.01055402794769823,-0.02979207235810166,-0.033068948355269495,-0.03406982103523484,-0.0297063200639133,-0.06597702194645302,-0.07111987224626477,-0.10032161018405542,-0.0957975566042181,0.13904168038410114,-0.038919819146144626,-0.08408849725989534,-0.08211291028010997,-0.07855722662109661,-0.07900063954825441,-0.06694223021071379,-0.060448482943072326,-0.05807309201365692,-0.062090174555527275,-0.06377780187993758,-0.06550468852704315,-0.0631723439440593,-0.06320148586127823,-0.09670010093612044,-0.08089229134485759,-0.07915218637138276,-0.07857828728837889,0.059140345384308235,-0.05266991317291434
2074,-0.044036870558688684,-0.053311745874872904,-0.057433878173718665,-0.06487227811721921,-0.031662419806848585,-0.04595718410928678,-0.038244176653112937,-0.057092175313183925,-0.0512920582788192,-0.0411005954165391,-0.04269310676897049,-0.053607004074811095,-0.040159268516045565,-0.06302486376196804,-0.05821299519621141,-0.07618943468477124,-0.024067537563374222,0.01830776314986786,-0.014064603277059967,0.0034877677411624943,0.004215605863402489,0.006925330349319553,-0.0056009635443220705,-0.009338613507190077,-0.03147381980922136,-0.030879521587319277,-0.036529688949979135,-0.027104029205203058,-0.06788083982349957,-0.07091070330782298,-0.09567747273803204,-0.09157492781641771,0.11737314920354139,-0.04696891734929793,-0.08375743037720941,-0.08192500714153493,-0.07946455715028039,-0.07894418036751284,-0.06661461860518668,-0.06066442396534856,-0.059052459760977935,-0.06123262190275014,-0.06306091245715514,-0.06553687914002135,-0.06339936440998971,-0.06440834953765841,-0.09480191942304105,-0.08097401761531277,-0.07984188079593993,-0.07770008811656669,0.06017240796564058,-0.05421305809617569
2075,-0.048472013384786745,-0.05196000926395483,-0.0540449306410703,-0.06427320317100779,-0.0392220999171516,-0.04480821522545706,-0.03655010974029454,-0.055728211257090876,-0.052882605387785865,-0.03781445711820534,-0.041154462943064324,-0.05264203221937861,-0.048110341258786465,-0.06020430681776383,-0.05564949288680463,-0.07563162716166702,-0.028510587907671477,0.020953482786186323,-0.010435093018021034,0.0023796544156519705,-0.0014457319879412733,0.008263014679582105,-0.0031893334510905385,-0.008250008322739423,-0.03189814029379917,-0.028958193820839043,-0.03389406327092038,-0.027500869391204285,-0.08028825005649634,-0.06606395218027583,-0.09241730988209,-0.08654917071570434,0.13343881882213962,-0.04003428780398674,-0.08274935848589993,-0.08325861134161457,-0.07983367544794877,-0.07762093417598688,-0.06671196226630309,-0.06200697407939677,-0.05923222695828868,-0.05981034326145935,-0.06132121896815122,-0.06675914358208157,-0.06313818839001402,-0.0631935120796307,-0.09555193352401754,-0.08246326767481293,-0.07999745857625304,-0.07606831263603435,0.056424094800783635,-0.0539374806840342
2076,-0.05211207146514521,-0.05297399860301183,-0.05541099696106678,-0.0684915719910565,-0.03586306145986294,-0.04628552204749669,-0.03735917657104564,-0.05783737766897442,-0.0589238982447949,-0.03950862934873624,-0.04209045169251972,-0.06057174182131692,-0.050123839923268215,-0.06073410919094482,-0.05726056731123486,-0.07912366481491653,-0.03675881841162824,0.022068050230403608,-0.012319611581368453,-0.007276944163378356,-0.004438908308732285,0.008365201435717099,-0.0027670828566674147,-0.012255417073600948,-0.03379945069333954,-0.026592773361871203,-0.034092775941360565,-0.03121077154838925,-0.08296111167020559,-0.06510609964935585,-0.0932643908117256,-0.09224534302724609,0.1030686204058561,-0.04742043176496796,-0.08152726265922515,-0.08318040152312306,-0.08126986476926894,-0.07550950281031533,-0.06561395525239758,-0.06185485408007099,-0.0597193684996732,-0.059188743559956826,-0.05926327329696162,-0.06711869271136332,-0.06433646582086583,-0.05988521788868845,-0.0936888414539268,-0.08203930635501006,-0.08084718210828938,-0.07442778810723674,0.05240071545653431,-0.05396500555634507
2077,-0.0484800592925425,-0.057592447280472234,-0.05497911943019843,-0.07221551065567378,-0.027915918173792943,-0.050967516933977386,-0.03693066188925397,-0.059691005559634386,-0.05610417287333924,-0.040750846507129346,-0.04006311770287793,-0.06343723431753767,-0.04028964030603657,-0.06657369011910419,-0.055799550917873385,-0.08083736877301205,-0.027222509533359533,0.021722474597075946,-0.010871000810302695,-0.010499506590127083,0.007930860972309446,0.006996027366369007,-0.0016913364764642273,-0.014501717725417258,-0.028953683430844666,-0.02420237770993093,-0.03293072438589514,-0.030573906225723695,-0.06398575470269069,-0.07152564521727714,-0.09313876109126892,-0.09584871775255807,0.09119108841613277,-0.05027093738607946,-0.0801571212603791,-0.08388275823050505,-0.0817143984663427,-0.07546284924797506,-0.06458615878093571,-0.06219618690175077,-0.06035642968353137,-0.05823226317099741,-0.0603211087492856,-0.06771179204113008,-0.0656673905421492,-0.059676751953020996,-0.09306683451212215,-0.08199650371953811,-0.08145892645334556,-0.07429081865393505,0.05277610261409431,-0.053447654186283756
2078,-0.04808486510839376,-0.05684163410668339,-0.05278988293782721,-0.07072804313637417,-0.027062979006096555,-0.05274660314212489,-0.03547932615830208,-0.05852201319234784,-0.05531980001885065,-0.0402202585944468,-0.03881384651786422,-0.05998348537511585,-0.04097142106913745,-0.06624145872835625,-0.054351312555311136,-0.07985047956544362,-0.029177590743812116,0.023769068899021924,-0.01028315018875897,-0.006130702437259176,0.011527644046773084,0.0062684489089899886,-0.0025319506881654307,-0.014146616720165782,-0.027062875891018332,-0.020717101630962128,-0.033229004421915155,-0.0288309008582358,-0.06056903008361052,-0.07339463180306097,-0.09114392422407579,-0.09642404921630605,0.11713249303607609,-0.050984071753332194,-0.08063261298740862,-0.08391832767814256,-0.0824492379947654,-0.07695786608341885,-0.0670051387482824,-0.06209053964074462,-0.0606878200158974,-0.059060932915926644,-0.06201525218472605,-0.06796283475227072,-0.06659644406364063,-0.06191870510656833,-0.09452052703231585,-0.08197429694433668,-0.0820963728047707,-0.07568337519848009,0.0545377074800564,-0.05247138880913401
2079,-0.019827295061541066,-0.057720771192874346,-0.04821733610414628,-0.07059094964364918,-0.019203667387261515,-0.05451006181799526,-0.03284098239128672,-0.0580947771935788,-0.03585334380643502,-0.04298201993225834,-0.038138740487470166,-0.058109914073588814,-0.025802276862761295,-0.06851293482223231,-0.05042105592789094,-0.07966306498766024,-0.0015695805772952566,0.023392885041033522,-0.007920751673917288,-0.00499951178940401,0.017135411096259892,0.0052957709868261755,-0.0017032085754789253,-0.01365356849983213,-0.00883591088099213,-0.02163260271405365,-0.0324719033888962,-0.031752670127469934,-0.05302497054717546,-0.0765190505478162,-0.08593475219410569,-0.09621425116610173,0.10872825022643769,-0.05226319993154484,-0.08085244595094038,-0.08480517597845727,-0.0825999708315095,-0.07816528481133413,-0.06687172542186444,-0.06300547763414549,-0.06105884716227569,-0.05990685972395781,-0.06356699097158973,-0.06840445811695765,-0.06597789383467166,-0.06278353442896802,-0.09426273655325665,-0.08271997469598975,-0.0822059515882627,-0.07607376186009313,0.046844270035687224,-0.053688380701915346
2080,-0.022900940660857984,-0.05941099235033799,-0.04740584734000015,-0.06819320980376851,-0.02064236290116647,-0.05468185091321289,-0.03194397114424784,-0.0539261814202649,-0.04657836290645537,-0.04639435265000331,-0.04024334991322402,-0.059092432687070186,-0.03061711201945339,-0.07037538387616564,-0.05013781907242669,-0.07735954721466012,-0.00725172482209354,0.025398315007747297,-0.00890165650662836,-0.006660716443361766,0.013174440240673557,0.004642168114887497,-0.001883961046522649,-0.011747729909411364,-0.02551061553307234,-0.028586335137912946,-0.034493821040055606,-0.0323353481929922,-0.06473949999843681,-0.0793148062195193,-0.08437774944041294,-0.09258407472310771,0.09388155189915871,-0.0415961564552183,-0.08253271732403966,-0.08385430043934736,-0.08330430666442853,-0.07863283766706478,-0.06844906638722513,-0.06214044733190084,-0.0620888758277326,-0.06036699181100977,-0.06623007289276814,-0.06772978518283457,-0.06755387573400645,-0.06284303431154305,-0.09599576064118324,-0.08176149030419107,-0.08314050397281528,-0.07597464271503321,0.04601495931801287,-0.05422178100199885
2081,-0.02747425185077758,-0.057999776094613154,-0.04643169896909023,-0.07331364995320246,-0.03181201135105766,-0.0558490019356698,-0.03088092349294505,-0.05758256767633546,-0.05665511064275542,-0.04788454030242183,-0.0417717285771281,-0.06380872045909852,-0.03760545820364124,-0.07049859546067792,-0.0483622429991029,-0.0817122726093182,-0.011575626936800055,0.024702581992068137,-0.00862738971156398,-0.01104456030710952,0.004190079800207464,0.004021264604146365,-0.0005161435814647382,-0.014215514455983604,-0.030895968946177656,-0.02941800665002362,-0.03306384741245239,-0.03317424228933102,-0.07942240159858437,-0.07675313949024833,-0.08124568426301186,-0.09663825491255099,0.10760930973588054,-0.03745329741819166,-0.08231151988554276,-0.08424523941202891,-0.08272217209947509,-0.07890027366190853,-0.0687435037738616,-0.06203769211528924,-0.061112170838786735,-0.060290384697766514,-0.06297511337344072,-0.06822996973116018,-0.0671376778014191,-0.06329651532544166,-0.09523912700107821,-0.0821284182400239,-0.08314657605151528,-0.07595950223146976,0.05041412725196458,-0.055284962461543734
2082,-0.023837024630903765,-0.05596582759645289,-0.049006158171543836,-0.0730556881125856,-0.03135629194595728,-0.05629541093840561,-0.03189119413783717,-0.05762313496748253,-0.056536018977238575,-0.046047882526249036,-0.045663867660738065,-0.06245409445555745,-0.040401482038509094,-0.07057089375846225,-0.04915707656878461,-0.08181127838760739,-0.00710646910867118,0.025128901805983747,-0.010775709206316509,-0.007468996080817997,0.0003983506444381334,0.003555383589119765,0.0002591357643965075,-0.013823470382778022,-0.024749922856309302,-0.026229493287740213,-0.035283991413208475,-0.03193321436134276,-0.08922793522060146,-0.077635275339072,-0.08084822322543447,-0.09550161857756412,0.07494147092257679,-0.03904420157305738,-0.08234927630817193,-0.0841037667010743,-0.0813525259954009,-0.07949603925013497,-0.06648032688415899,-0.062498025303558837,-0.0595542385833086,-0.060824901157957315,-0.0639525312481256,-0.06827031080592152,-0.06609536804872769,-0.06327703264641465,-0.09413362758810191,-0.08245871616628866,-0.08157545143285426,-0.07619894722737477,0.051560213978883426,-0.05468332137117837
2083,-0.04033481653795833,-0.052298425774395536,-0.051737968898410217,-0.07274305775621044,-0.03502285895217992,-0.054403052480836864,-0.03298988478625945,-0.05745054290608795,-0.08312945824767067,-0.043180455256004904,-0.04767473750752036,-0.06140876587826554,-0.0496142047423183,-0.0664567616843834,-0.05006021541054973,-0.08143203526558773,-0.01063488992251128,0.02822985715371999,-0.014036761430850711,-0.002962080946841965,0.0013348385648925833,0.0054713974329217785,-0.00037969475869107657,-0.011220531245309112,-0.043411016792008435,-0.024461172583752244,-0.03748237084986368,-0.029383931043003905,-0.0878048744343258,-0.07550539053837846,-0.08145969702768681,-0.09262880647938931,0.09381613403044915,-0.03406277458576234,-0.08491218665805421,-0.08434807396980885,-0.08105319081430633,-0.07812990547199967,-0.06701272525774302,-0.06277571657530877,-0.05928050086019332,-0.05990383644186923,-0.06617145611502946,-0.06801402533849542,-0.06540271011457036,-0.06123037851673676,-0.09488722948702467,-0.08296196622623195,-0.0813601922263765,-0.07510080477986433,0.04823265422474479,-0.05472116617333621
2084,-0.04188961389042037,-0.04908271118738018,-0.04917902542096575,-0.0703595572060068,-0.03819826957428956,-0.05544894820778048,-0.030672335702382834,-0.05781367933142096,-0.07595768561271286,-0.04209340438426837,-0.04368764319729475,-0.05587316028812807,-0.05142499530391943,-0.06787525850940866,-0.046903449776771244,-0.08145485695350585,-0.014068328558527259,0.037196148272303074,-0.01362348437623606,-0.0031489086833853008,-0.00278653954922668,0.007422250915359167,0.0002826599238914285,-0.010766741020335853,-0.031793077971243325,-0.021747364065963722,-0.03566547786974185,-0.026804764413871397,-0.08316025388427066,-0.07448893523497357,-0.07646628522928679,-0.09229154841556701,0.0703254768721347,-0.03992133722654727,-0.08482854996958217,-0.0846459849157742,-0.08081077269421631,-0.07819294676097295,-0.06622565884229506,-0.06296977290986311,-0.05882403273863696,-0.060025023100398214,-0.06479427610675371,-0.0672302417875412,-0.06563203878506906,-0.06193978648243842,-0.09390398509122606,-0.08323195658292243,-0.08114078493482646,-0.07539832079739571,0.04159886810536483,-0.05506428948985695
2085,-0.036502843623363666,-0.051453690437879854,-0.05154607767618267,-0.07206176166993003,-0.037329230238763104,-0.058327617062823266,-0.0332073196619423,-0.05978283910109153,-0.07663114698056993,-0.04488687421667606,-0.04420772492170802,-0.05400029091443087,-0.04977269343793503,-0.07106743964875223,-0.04950234410895665,-0.08332466720848908,-0.015133031603579743,0.03589883305167806,-0.01737683993200423,-0.006412948671779902,-0.011731117808849674,0.008813243265694841,-0.0029056747184004203,-0.012489632669259587,-0.026367659792465255,-0.022501833024610302,-0.03681630721264811,-0.026979437660410638,-0.0722598378399631,-0.0788872625918897,-0.07977722298448574,-0.09520700701486424,0.10158178492154127,-0.029823708841891873,-0.08377975526091307,-0.08428174423880454,-0.08138792856593646,-0.07971665027571112,-0.0654575148472526,-0.06321093550334778,-0.0590596976090071,-0.060871414023201016,-0.06434795512113493,-0.0666002836206854,-0.06601606173950368,-0.06257397994875498,-0.0928261658093306,-0.08272568292950333,-0.08158824397507781,-0.07681815033627776,0.041624353124901245,-0.05359316769556815
2086,-0.03592423646981233,-0.048082451496901865,-0.05141835229448834,-0.07504732901109742,-0.03633354448813075,-0.06185896642759928,-0.032360276156239084,-0.060645700286968474,-0.0804405734411388,-0.0406309469898824,-0.0455924010297634,-0.0574213802416597,-0.05425537737658253,-0.07065776067593543,-0.04969424936671045,-0.08527088154051318,-0.006413386900464485,0.040196001089176224,-0.0141105040915139,-0.010890004033180103,-0.004073259924033799,0.007618476195760261,-0.0024131140007757155,-0.013288777691835866,-0.026718326843539857,-0.015492278849688259,-0.03769138713011226,-0.028423261095932816,-0.0777242362810824,-0.08086921854911933,-0.07769277831200275,-0.09535799401692735,0.13366559470233816,-0.018415836853242693,-0.0840658593276053,-0.08415080609257845,-0.08175194205955628,-0.08043702817790724,-0.06567364534415755,-0.06365956642763555,-0.05889745688652472,-0.06074917584946847,-0.06573287760791946,-0.06663400809713603,-0.06618914563182624,-0.06331697437867549,-0.09208801355225125,-0.08289062431875971,-0.08147268637135105,-0.07703131633420221,0.030388691420292487,-0.05307543228096651
2087,-0.030873501240259622,-0.04480121577743591,-0.05261827833757403,-0.07471528033677725,-0.035858524247136155,-0.061114407743552895,-0.035697699112492216,-0.05948891812702294,-0.07243060869878434,-0.039558755719502146,-0.04440872125057739,-0.0580431698850448,-0.05375695417722104,-0.06741087075322236,-0.053208967529800394,-0.08305525703349556,-0.01038635770281089,0.04133838036500714,-0.016148106231376497,-0.012024630680913487,-0.0015400363275105276,0.00708077540087523,-0.005037004149851553,-0.013987560779190803,-0.020311546622605575,-0.013613018916285045,-0.03875569822923402,-0.030244427104575533,-0.0854881303371604,-0.07712363511915354,-0.08378674714155608,-0.0934333743530047,0.138104390582458,-0.012221820605059846,-0.08647150712338643,-0.08486461593765045,-0.08153669523305938,-0.080637104048621,-0.06660821327576472,-0.06457490061453204,-0.05860892059675051,-0.060316433242409644,-0.06762571052937996,-0.06737943650905139,-0.066145436046298,-0.06309495314704483,-0.09303654572012336,-0.08358534865473904,-0.08100828939286137,-0.07682494248204338,0.03129741833268446,-0.05443984382709776
2088,-0.015623170549507416,-0.04175304986259065,-0.05118384738548525,-0.07396746246074205,-0.025525419741771645,-0.05846375043557912,-0.03399694104696563,-0.05840198376767198,-0.06456949383173663,-0.038083492835847645,-0.042692498345278496,-0.05531857364627238,-0.038101168475348085,-0.0625469972982766,-0.052164048469198025,-0.08136508468999855,-0.0008142751071675898,0.04641086421015743,-0.015757123394495615,-0.013752267384127808,0.004326270558050067,0.010247603589756822,-0.0038458983496085764,-0.015977630368697544,-0.024184494215446727,-0.012266778792993607,-0.0360327231028278,-0.028158359760900645,-0.08066073213582052,-0.07008103946149251,-0.0840912126808809,-0.09192477385928073,0.09488119759295059,-0.009459082960569515,-0.08622926549754115,-0.08500010785890347,-0.0816867010935271,-0.0798010545460657,-0.06755386666294594,-0.06462489255506032,-0.05832473909026078,-0.058924992135989354,-0.0676426211216321,-0.06740454230639382,-0.06708657552874957,-0.060489616523883426,-0.0928506862690183,-0.08384535347549174,-0.08057727189124265,-0.07595613700412937,0.02982261010759732,-0.053266560052342045
2089,-0.018666742142852088,-0.038204381285150385,-0.04901009200859154,-0.07307310705266876,-0.024115450352920204,-0.05551977340410998,-0.03310091899716212,-0.05919767004600884,-0.058513494692467,-0.037797053688315284,-0.04229089730658733,-0.055538237514504596,-0.045893982645403106,-0.06003402269694447,-0.052703151855066,-0.0817820510085738,-0.01517758138434766,0.05131769671415904,-0.0139154632708674,-0.012206520203241483,-0.003178175035414949,0.012409374724029153,-0.003134384753959642,-0.014976696478488481,-0.025332808333743725,-0.011266621998758442,-0.03590033270408877,-0.02969393568454589,-0.09146593451793805,-0.06702337499432307,-0.08706291846205531,-0.09364768230280018,0.10432409790274608,-0.00817540513197881,-0.08659663756949253,-0.08514998047449127,-0.08139886748809151,-0.08134130569498854,-0.06824862215498098,-0.06452750963744697,-0.058241188079944696,-0.060010363870113645,-0.06730104598758418,-0.06779667790528686,-0.06708470443649928,-0.06249928721674403,-0.09348334406798672,-0.08351848017636115,-0.0805266283558281,-0.07712949985719476,0.030077971555480608,-0.05284360342474484
2090,-0.015001345436140961,-0.035299565119822116,-0.052949741831538305,-0.07103658791143086,-0.018863776804026233,-0.05527463188749169,-0.03549250318357047,-0.05848824773277326,-0.05638520744074003,-0.037095056324518136,-0.0453263884120039,-0.05294770357642432,-0.04001945896656461,-0.05917275558050531,-0.055774861688675854,-0.08100890549601122,-0.014102996889415924,0.05470179587519244,-0.01795736249358918,-0.009244967812933515,-0.001595660738900808,0.011491770469685596,-0.006479493424498746,-0.014561576511512448,-0.026804146797101778,-0.006853869299059232,-0.0412738078102784,-0.025811273103207678,-0.08083523805303003,-0.06571449362649101,-0.09068052550791182,-0.09461411123028006,0.09929851951827023,-0.012465477596927729,-0.08647008019022531,-0.08506211528184057,-0.08127475107812632,-0.08176133539662106,-0.06735616233881843,-0.064446370247344,-0.058113504910160096,-0.060159422605458944,-0.06795096449069016,-0.06752369730637246,-0.0662808020835022,-0.0631457064020831,-0.09244903697163856,-0.08363823969588383,-0.08041989223814636,-0.07716855564840695,0.02929833511912338,-0.05121101066144849
2091,-0.003341745928365612,-0.030228845845824782,-0.05349763548366968,-0.0668489591730179,-0.015039365053237379,-0.05186497527157493,-0.0355281287183651,-0.05600412945885459,-0.050617803921518115,-0.030570483654710497,-0.04748562200186969,-0.045031329184376204,-0.031099354475340138,-0.05800890245547856,-0.055243214989340726,-0.07806096543344104,-0.011513062941968178,0.054992817048826484,-0.01648796670662757,-0.008800534354495316,-0.003199215954941461,0.014759501389125046,-0.0069026912940389476,-0.013979040664333415,-0.02446721220517845,-0.001651142059060481,-0.04410728707729662,-0.020499692060228843,-0.07024351896335279,-0.0629063684122495,-0.09090523645229619,-0.09036153728125178,0.16031977783522308,-0.004315721861380727,-0.08643800158267513,-0.08396469887158615,-0.08005200765323256,-0.08259163827368954,-0.06852309504769906,-0.0637515991636041,-0.05781402303576178,-0.06062005859427633,-0.06956324464679589,-0.06664417169044548,-0.06528392970820157,-0.06353284915028966,-0.09314082130435135,-0.08285896201297892,-0.07976652166738542,-0.07767904811003491,0.02803933613686263,-0.05031527474538168
2092,-0.010784934325878882,-0.02776088935744181,-0.051478652382084766,-0.06705356296803766,-0.026285460080193408,-0.04993787040431692,-0.033626303503935966,-0.057721583092743126,-0.05010013159799022,-0.030568298496423087,-0.04576362854912702,-0.04493090374554032,-0.04432151628641964,-0.054869786341589864,-0.054848886690086675,-0.07858097794156074,-0.02441204049078233,0.05308816698972184,-0.01466008652347862,-0.009046573379104536,-0.01458206055154815,0.01381700078111973,-0.005609818248107138,-0.013735243050736524,-0.021242591674332813,-0.0032072273205147987,-0.04349191003291174,-0.019377433448680148,-0.08757619797515737,-0.06148582825390568,-0.09047016446127686,-0.0919421702682785,0.17730742013384274,0.0007536786864599644,-0.08626022520450917,-0.0840989904890674,-0.07994472718979327,-0.08371937645451324,-0.06834203829264512,-0.06426242485646504,-0.057246066360638656,-0.0622234526348629,-0.06810143190972394,-0.0668927852955584,-0.06481328978689063,-0.06424789776954107,-0.09297191441616094,-0.0833648345652544,-0.07924535198758755,-0.07847970875663121,0.026699302628570974,-0.050190294189480886
